https://pbs.twimg.com/media/DVLEIAEW0AEhmBo.jpg:large,a group of people watching a band on stage in front of a crowd
https://pbs.twimg.com/media/DVD-9oQXcAAS8BT.jpg:large,a group of people sitting in a room
https://pbs.twimg.com/media/DUEQRETXUAA5fd5.jpg:large,a group of people sitting at a table
https://pbs.twimg.com/media/DUBCRLyWsAAuMvI.jpg:large,person holding a tennis racquet on a stage
https://pbs.twimg.com/media/DT4Bf7uXUAApshb.jpg:large,a group of people sitting at a table in front of a crowd
https://pbs.twimg.com/media/DT5T4hCW0AAqYon.jpg:large,a store filled with lots of traffic
https://pbs.twimg.com/media/DTw8WRBW0AAWCH2.jpg:large,a person and a person standing in front of a crowd
https://pbs.twimg.com/media/DTlWtkoXUAI61Ab.jpg:large,a person wearing a pink dress
https://pbs.twimg.com/media/DRtnzalW4AEcl5F.jpg:large,a group of people performing on stage in front of a crowd
https://pbs.twimg.com/media/DPWWFW8W0AAZpPR.jpg:large,a group of people on a beach near a body of water
https://pbs.twimg.com/media/DPAdSg7X0AA82EF.jpg:large,a group of people posing for the camera
https://pbs.twimg.com/media/DPDCHi-XUAAmJVs.jpg:large,a group of people sitting at a table looking at a laptop
https://pbs.twimg.com/media/DHimHU9WAAMF0pc.jpg:large,a person standing in a room
https://pbs.twimg.com/media/DF4YXcWXUAA_wDO.jpg:large,a group of people sitting at a table
https://pbs.twimg.com/media/DEn6ffNXYAAGSma.jpg:large,a group of people sitting on the side of a road
https://pbs.twimg.com/media/DD4RwphXcAArnqe.jpg:large,a person sitting at a desk
https://pbs.twimg.com/media/DAOmsCJXkAED2lQ.jpg:large,a person riding on the back of a bicycle
https://pbs.twimg.com/media/C-_bMhAXkAA2OpA.jpg:large,a group of people standing in front of a crowd
https://pbs.twimg.com/media/C-emDCsWsAEQjZC.jpg:large,a group of people walking down a street
https://pbs.twimg.com/media/C14a3ayW8AAXLJm.jpg:large,a yellow truck is driving down the street
https://pbs.twimg.com/media/C1Aal0cWIAA7kUD.jpg:large,a group of people sitting at a table
https://pbs.twimg.com/media/CzNMBfDXEAA7krl.jpg:large,a group of people sitting at a table
https://pbs.twimg.com/media/CykogO5WEAA9Rie.jpg:large,person waiting at a train station
https://pbs.twimg.com/media/CyLhu6XXcAAFtuW.jpg:large,a group of people riding on the back of a truck
https://pbs.twimg.com/media/DV9RoMrW4AAEfxH.jpg:large,a group of people looking at a birthday cake